,size_class
0,C
1,A
2,A
3,A
4,C
5,A
6,A
7,B
8,A
9,E
10,A
11,A
12,A
13,A
14,B
15,A
16,A
17,A
18,A
19,A
20,A
21,A
22,A
23,A
24,A
25,A
26,B
27,A
28,A
29,A
30,A
31,A
32,A
33,A
34,A
35,A
36,A
37,A
38,B
39,A
40,A
41,A
42,A
43,A
44,B
45,A
46,B
47,A
48,A
49,A
50,B
51,B
52,A
53,C
54,A
55,A
56,A
57,A
58,A
59,A
60,A
61,A
62,B
63,A
64,B
65,B
66,B
67,B
68,A
69,C
70,A
71,B
72,B
73,A
74,A
75,B
76,B
77,A
78,A
79,C
80,A
81,A
82,A
83,C
84,B
85,B
86,A
87,B
88,B
89,A
90,A
91,B
92,A
93,A
94,B
95,B
96,A
97,B
98,B
99,B
100,B
101,A
102,A
103,A
104,B
105,A
106,B
107,A
108,C
109,A
110,A
111,A
112,B
113,B
114,A
115,A
116,B
117,A
118,B
119,B
120,A
121,B
122,A
123,B
124,B
125,C
126,A
127,A
128,B
129,B
130,B
131,B
132,A
133,B
134,B
135,B
136,A
137,A
138,A
139,A
140,B
141,B
142,C
143,B
144,B
145,A
146,B
147,B
148,B
149,A
150,A
151,A
152,A
153,B
154,B
155,A
156,B
157,A
158,A
159,B
160,A
161,C
162,A
163,A
164,A
165,B
166,B
167,B
168,B
169,B
170,A
171,B
172,A
173,B
174,B
175,A
176,A
177,B
178,A
179,D
180,A
181,A
182,A
183,A
184,A
185,A
186,A
187,A
188,E
189,D
190,B
191,C
192,B
193,C
194,C
195,B
196,A
197,A
198,A
199,A
200,A
201,A
202,A
203,B
204,C
205,A
206,A
207,B
208,B
209,A
210,A
211,A
212,A
213,B
214,B
215,B
216,B
217,B
218,A
219,A
220,A
221,B
222,B
223,A
224,C
225,A
226,A
227,B
228,C
229,B
230,A
231,A
232,A
233,B
234,A
235,B
236,A
237,B
238,A
239,B
240,A
241,A
242,A
243,B
244,B
245,B
246,B
247,A
248,B
249,A
250,A
251,B
252,A
253,B
254,B
255,B
256,B
257,B
258,A
259,B
260,A
261,B
262,A
263,A
264,A
265,A
266,A
267,A
268,A
269,B
270,B
271,A
272,B
273,B
274,B
275,A
276,A
277,B
278,B
279,A
280,A
281,A
282,A
283,A
284,A
285,A
286,B
287,B
288,B
289,A
290,B
291,B
292,C
293,A
294,A
295,A
296,A
297,A
298,A
299,B
300,B
301,B
302,A
303,A
304,A
305,A
306,B
307,A
308,C
309,A
310,B
311,B
312,A
313,A
314,B
315,B
316,B
317,A
318,B
319,A
320,A
321,A
322,C
323,C
324,A
325,B
326,A
327,A
328,A
329,B
330,C
331,B
332,B
333,B
334,A
335,A
336,A
337,A
338,B
339,B
340,A
341,A
342,A
343,A
344,A
345,A
346,C
347,A
348,B
349,A
350,A
351,A
352,A
353,A
354,A
355,A
356,A
357,A
358,A
359,A
360,A
361,A
362,A
363,A
364,A
365,A
366,A
367,A
368,B
369,A
370,A
371,A
372,B
373,A
374,A
375,A
376,A
377,A
378,B
379,A
380,A
381,A
382,A
383,A
384,B
385,A
386,B
387,B
388,A
389,A
390,A
391,A
392,B
393,A
394,A
395,A
396,A
397,B
398,B
399,C
400,A
401,A
402,A
403,A
404,A
405,A
406,B
407,B
408,A
409,A
410,A
411,A
412,B
413,A
414,A
415,A
416,B
417,A
418,A
419,A
420,A
421,C
422,A
423,A
424,B
425,B
426,B
427,B
428,A
429,A
430,B
431,A
432,B
433,A
434,B
435,A
436,B
437,A
438,A
439,B
440,A
441,A
442,A
443,B
444,A
445,A
446,A
447,A
448,B
449,B
450,A
451,B
452,A
453,B
454,B
455,A
456,A
457,A
458,A
459,B
460,B
461,D
462,A
463,A
464,A
465,A
466,A
467,C
468,A
469,A
470,A
471,B
472,A
473,A
474,B
475,A
476,A
477,C
478,A
479,B
480,C
481,D
482,A
483,A
484,A
485,B
486,A
487,B
488,A
489,A
490,A
491,A
492,A
493,A
494,A
495,A
496,A
497,C
498,A
499,A
500,A
501,A
502,B
503,A
504,A
505,A
506,A
507,A
508,A
509,A
510,B
511,A
512,B
513,A
514,B
515,A
516,A
517,B
518,A
519,B
520,B
521,A
522,B
523,B
524,A
525,A
526,B
527,B
528,A
529,B
530,B
531,A
532,A
533,A
534,B
535,A
536,B
537,A
538,A
539,A
540,A
541,A
542,B
543,A
544,A
545,A
546,A
547,A
548,B
549,B
550,B
551,A
552,A
553,A
554,A
555,A
556,A
557,B
558,B
559,B
560,A
561,B
562,A
563,A
564,B
565,B
566,A
567,B
568,A
569,B
570,A
571,A
572,A
573,B
574,D
575,A
576,B
577,A
578,A
579,B
580,B
581,A
582,A
583,B
584,B
585,A
586,B
587,A
588,B
589,B
590,C
591,C
592,B
593,E
594,B
595,D
596,A
597,A
598,A
599,C
600,A
601,B
602,A
603,A
604,A
605,A
606,A
607,C
608,B
609,A
610,A
611,A
612,A
613,A
614,A
615,B
616,B
617,A
618,A
619,A
620,B
621,A
622,B
623,A
624,A
625,A
626,A
627,A
628,A
629,A
630,A
631,A
632,A
633,A
634,B
635,A
636,A
637,B
638,A
639,A
640,C
641,B
642,A
643,A
644,A
645,A
646,A
647,A
648,A
649,A
650,B
651,A
652,A
653,A
654,A
655,B
656,B
657,A
658,A
659,C
660,A
661,D
662,B
663,A
664,A
665,B
666,A
667,A
668,A
669,A
670,E
671,A
672,A
673,C
674,B
675,A
676,B
677,B
678,D
679,B
680,B
681,B
682,A
683,B
684,B
685,B
686,A
687,A
688,A
689,A
690,B
691,A
692,A
693,A
694,A
695,A
696,A
697,B
698,A
699,A
700,A
701,A
702,A
703,A
704,A
705,B
706,A
707,A
708,B
709,E
710,B
711,C
712,A
713,A
714,B
715,A
716,A
717,E
718,E
719,C
720,A
721,A
722,B
723,B
724,A
725,B
726,B
727,A
728,B
729,C
730,A
731,A
732,A
733,A
734,B
735,B
736,B
737,A
738,B
739,C
740,A
741,A
742,A
743,A
744,A
745,A
746,B
747,A
748,A
749,A
750,A
751,B
752,B
753,A
754,B
755,A
756,C
757,C
758,B
759,A
760,B
761,C
762,A
763,D
764,A
765,B
766,B
767,A
768,A
769,B
770,B
771,B
772,C
773,A
774,B
775,A
776,A
777,A
778,A
779,A
780,A
781,A
782,A
783,B
784,A
785,C
786,E
787,C
788,E
789,A
790,B
791,A
792,D
793,A
794,D
795,A
796,A
797,A
798,A
799,C
800,C
801,B
802,A
803,A
804,B
805,A
806,E
807,A
808,A
809,E
810,A
811,A
812,B
813,A
814,D
815,A
816,C
817,A
818,A
819,C
820,E
821,B
822,A
823,A
824,B
825,A
826,A
827,C
828,C
829,A
830,C
831,A
832,B
833,A
834,A
835,A
836,B
837,B
838,A
839,C
840,A
841,E
842,A
843,B
844,E
845,B
846,A
847,B
848,A
849,B
850,A
851,A
852,A
853,A
854,C
855,D
856,B
857,D
858,B
859,A
860,A
861,B
862,D
863,C
864,B
865,B
866,B
867,A
868,A
869,A
870,B
871,B
872,A
873,B
874,A
875,B
876,A
877,A
878,A
879,B
880,A
881,A
882,A
883,D
884,A
885,A
886,B
887,A
888,A
889,A
890,A
891,A
892,B
893,B
894,A
895,D
896,A
897,A
898,A
899,A
900,A
901,A
902,A
903,A
904,A
905,A
906,A
907,A
908,A
909,A
910,A
911,A
912,A
913,B
914,A
915,A
916,B
917,B
918,A
919,B
920,A
921,A
922,B
923,A
924,C
925,B
926,D
927,A
928,D
929,A
930,B
931,A
932,B
933,A
934,A
935,A
936,A
937,B
938,A
939,A
940,B
941,A
942,B
943,B
944,B
945,B
946,C
947,A
948,A
949,A
950,B
951,A
952,B
953,B
954,A
955,A
956,B
957,A
958,A
959,A
960,A
961,B
962,A
963,B
964,A
965,A
966,A
967,B
968,A
969,A
970,A
971,B
972,A
973,A
974,A
975,B
976,A
977,A
978,A
979,A
980,A
981,A
982,A
983,A
984,A
985,B
986,A
987,A
988,A
989,B
990,A
991,A
992,A
993,A
994,A
995,A
996,A
997,A
998,C
999,B
1000,C
1001,D
1002,A
1003,B
1004,A
1005,B
1006,B
1007,A
1008,B
1009,B
1010,A
1011,A
1012,B
1013,A
1014,B
1015,B
1016,A
1017,B
1018,B
1019,B
1020,A
1021,B
1022,C
1023,A
1024,B
1025,B
1026,D
1027,A
1028,A
1029,A
1030,B
1031,A
1032,A
1033,B
1034,A
1035,A
1036,B
1037,A
1038,A
1039,A
1040,A
1041,A
1042,A
1043,B
1044,A
1045,A
1046,A
1047,A
1048,A
1049,A
1050,A
1051,A
1052,A
1053,B
1054,A
1055,A
1056,A
1057,A
1058,A
1059,A
1060,A
1061,A
1062,A
1063,A
1064,A
1065,A
1066,A
1067,A
1068,A
1069,A
1070,A
1071,A
1072,A
1073,B
1074,A
1075,B
1076,A
1077,B
1078,A
1079,B
1080,B
1081,A
1082,B
1083,B
1084,A
1085,C
1086,B
1087,A
1088,A
1089,A
1090,A
1091,B
1092,A
1093,A
1094,A
1095,A
1096,B
1097,A
1098,A
1099,A
1100,A
1101,A
1102,A
1103,B
1104,A
1105,A
1106,A
1107,B
1108,A
1109,A
1110,B
1111,A
1112,B
1113,A
1114,A
1115,B
1116,A
1117,B
1118,B
1119,A
1120,C
1121,A
1122,B
1123,A
1124,A
1125,B
1126,A
1127,B
1128,A
1129,A
1130,B
1131,A
1132,A
1133,A
1134,A
1135,A
1136,A
1137,A
1138,A
1139,A
1140,A
1141,A
1142,A
1143,A
1144,A
1145,A
1146,A
1147,A
1148,A
1149,A
1150,A
1151,A
1152,A
1153,A
1154,A
1155,A
1156,A
1157,A
1158,A
1159,A
1160,A
1161,A
1162,A
1163,A
1164,A
1165,A
1166,A
1167,A
1168,A
1169,A
1170,A
1171,A
1172,A
1173,A
1174,A
1175,B
1176,A
1177,B
1178,A
1179,B
1180,A
1181,A
1182,A
1183,A
1184,A
1185,A
1186,A
1187,A
1188,A
1189,A
1190,A
1191,A
1192,A
1193,A
1194,A
1195,B
1196,B
1197,B
1198,B
1199,B
1200,A
1201,B
1202,C
1203,B
1204,A
1205,A
1206,B
1207,B
1208,A
1209,A
1210,A
1211,A
1212,B
1213,A
1214,A
1215,B
1216,B
1217,B
1218,B
1219,A
1220,A
1221,B
1222,A
1223,A
1224,A
1225,B
1226,A
1227,C
1228,A
1229,A
1230,A
1231,A
1232,A
1233,A
1234,A
1235,A
1236,A
1237,A
1238,B
1239,A
1240,A
1241,B
1242,A
1243,A
1244,B
1245,B
1246,A
1247,C
1248,C
1249,A
1250,A
1251,A
1252,A
1253,A
1254,B
1255,A
1256,A
1257,A
1258,B
1259,A
1260,A
1261,B
1262,A
1263,A
1264,A
1265,A
1266,A
1267,A
1268,B
1269,A
1270,B
1271,A
1272,B
1273,A
1274,A
1275,A
1276,A
1277,A
1278,A
1279,B
1280,A
1281,A
1282,A
1283,A
1284,A
1285,B
1286,B
1287,B
1288,A
1289,B
1290,B
1291,A
1292,A
1293,A
1294,A
1295,A
1296,A
1297,A
1298,A
1299,A
1300,B
1301,C
1302,A
1303,A
1304,C
1305,A
1306,A
1307,A
1308,A
1309,A
1310,B
1311,A
1312,A
1313,A
1314,A
1315,A
1316,A
1317,A
1318,B
1319,A
1320,A
1321,B
1322,A
1323,B
1324,A
1325,A
1326,A
1327,A
1328,A
1329,A
1330,B
1331,A
1332,A
1333,A
1334,A
1335,A
1336,A
1337,A
1338,A
1339,A
1340,A
1341,A
1342,A
1343,A
1344,A
1345,A
1346,A
1347,A
1348,A
1349,A
1350,A
1351,A
1352,A
1353,A
1354,A
1355,A
1356,A
1357,A
1358,A
1359,A
1360,A
1361,A
1362,A
1363,A
1364,A
1365,B
1366,A
1367,A
1368,A
1369,A
1370,A
1371,A
1372,B
1373,A
1374,B
1375,A
1376,A
1377,A
1378,A
1379,A
1380,A
1381,A
1382,A
1383,A
1384,A
1385,A
1386,A
1387,A
1388,B
1389,A
1390,A
1391,B
1392,B
1393,B
1394,B
1395,A
1396,A
1397,A
1398,A
1399,B
1400,B
1401,A
1402,A
1403,A
1404,A
1405,A
1406,B
1407,B
1408,A
1409,A
1410,A
1411,B
1412,B
1413,B
1414,A
1415,A
1416,A
1417,B
1418,B
1419,A
1420,B
1421,A
1422,A
1423,A
1424,A
1425,B
1426,A
1427,B
1428,B
1429,A
1430,A
1431,B
1432,A
1433,C
1434,B
1435,B
1436,A
1437,B
1438,A
1439,B
1440,B
1441,A
1442,A
1443,A
1444,A
1445,A
1446,B
1447,C
1448,A
1449,A
1450,B
1451,A
1452,A
1453,B
1454,A
1455,A
1456,B
1457,E
1458,B
1459,C
1460,A
1461,A
1462,A
1463,C
1464,B
1465,B
1466,A
1467,A
1468,A
1469,A
1470,B
1471,B
1472,B
1473,B
1474,A
1475,A
1476,A
1477,A
1478,A
1479,A
1480,B
1481,A
1482,A
1483,A
1484,B
1485,A
1486,A
1487,B
1488,B
1489,D
1490,A
1491,B
1492,A
1493,B
1494,A
1495,A
1496,B
1497,A
1498,A
1499,A
1500,B
1501,B
1502,A
1503,A
1504,A
1505,A
1506,C
1507,A
1508,A
1509,B
1510,B
1511,C
1512,A
1513,A
1514,A
1515,A
1516,A
1517,A
1518,B
1519,B
1520,B
1521,A
1522,A
1523,A
1524,A
1525,B
1526,A
1527,A
1528,A
1529,A
1530,A
1531,A
1532,A
1533,A
1534,A
1535,A
1536,A
1537,A
1538,A
1539,A
1540,B
1541,A
1542,A
1543,A
1544,A
1545,A
1546,A
1547,A
1548,A
1549,B
1550,C
1551,A
1552,B
1553,A
1554,B
1555,B
1556,B
1557,A
1558,A
1559,A
1560,A
1561,A
1562,A
1563,A
1564,A
1565,A
1566,A
1567,A
1568,A
1569,B
1570,A
1571,A
1572,B
1573,A
1574,A
1575,A
1576,B
1577,B
1578,A
1579,A
1580,B
1581,A
1582,A
1583,A
1584,A
1585,A
1586,A
1587,A
1588,A
1589,A
1590,B
1591,A
1592,A
1593,B
1594,B
1595,A
1596,A
1597,B
1598,B
1599,B
1600,B
1601,B
1602,A
1603,B
1604,A
1605,B
1606,A
1607,A
1608,A
1609,A
1610,A
1611,A
1612,A
1613,A
1614,A
1615,A
1616,A
1617,B
1618,A
1619,A
1620,B
1621,A
1622,A
1623,A
1624,A
1625,A
1626,A
1627,B
1628,A
1629,A
1630,A
1631,B
1632,A
1633,A
1634,A
1638,B
1644,B
1645,B
1646,B
1649,C
1658,B
1661,B
1662,B
1663,B
1666,B
1668,B
1669,B
1672,B
1675,B
1677,C
1678,B
1679,E
1706,B
1733,B
1734,C
1739,C
1742,B
1750,B
1759,B
1760,B
1786,B
1790,C
1794,B
1799,B
1839,B
1855,B
1866,B
1881,B
1893,B
1895,C
1927,B
1928,E
1969,B
1974,B
1975,B
1978,C
1986,B
1987,B
1989,B
1991,B
1992,B
2000,B
2003,B
2006,C
2008,B
2009,B
2011,B
2013,B
2014,B
2026,B
2027,C
2037,B
2038,B
2041,B
2042,B
2049,B
2050,B
2067,B
2068,B
2070,B
2073,C
2077,B
2080,C
2081,B
2083,B
2085,C
2089,B
2091,B
2092,B
2107,B
2109,B
2131,B
2137,B
2139,B
2147,C
2155,B
2156,B
2157,B
2158,B
2159,B
2163,B
2164,E
2166,C
2168,B
2169,B
2170,B
2174,B
2179,B
2180,B
2181,B
2183,B
2186,B
2188,B
2189,B
2190,B
2191,B
2193,B
2194,B
2195,B
2196,B
2198,B
2202,B
2204,B
2208,B
2210,B
2215,B
2218,B
2219,C
2235,B
2237,B
2238,B
2240,B
2241,B
2242,B
2243,C
2244,B
2254,C
2255,B
2261,B
2263,B
2265,B
2266,B
2267,B
2268,B
2270,B
2272,B
2275,B
2276,B
2277,E
2278,B
2281,B
2282,B
2283,B
2284,B
2285,B
2286,B
2288,B
2290,B
2292,B
2297,B
2301,B
2306,B
2307,B
2308,B
2309,B
2311,B
2312,B
2313,C
2315,B
2317,B
2320,B
2321,B
2329,B
2330,C
2333,B
2335,C
2339,C
2341,B
2342,B
2343,B
2345,B
2346,B
2349,B
2350,B
2351,C
2352,C
2355,B
2356,B
2357,B
2358,B
2361,B
2366,B
2367,E
2368,D
2373,C
2374,B
2375,C
2377,D
2379,B
2380,B
2381,B
2383,C
2384,B
2386,B
2388,B
2391,B
2395,B
2400,B
2406,B
2409,B
2413,B
2417,B
2418,B
2419,B
2423,C
2426,B
2427,B
2429,B
2430,B
2431,B
2434,B
2435,B
2436,B
2437,B
2438,C
2443,C
2446,B
2448,B
2449,B
2450,B
2451,E
2452,E
2454,B
2456,B
2457,B
2468,B
2471,B
2474,C
2475,B
2476,B
2477,B
2478,B
2480,C
2481,B
2482,B
2495,B
2496,C
2497,B
2510,B
2514,B
2515,B
2517,B
2518,C
2519,C
2520,B
2521,B
2522,B
2523,B
2527,B
2530,B
2537,D
2540,B
2555,D
2556,B
2557,E
2558,B
2565,B
2567,E
2572,C
2573,B
2575,B
2577,D
2578,E
2580,B
2582,B
2583,B
2584,B
2586,B
2595,B
2602,B
2604,B
2609,B
2610,B
2611,C
2612,B
2614,B
2617,E
2619,B
2620,D
2623,B
2626,B
2627,B
2630,B
2631,B
2636,B
2637,D
2638,B
2642,C
2647,C
2651,B
2657,B
2664,B
2668,B
2669,B
2670,B
2674,B
2678,B
2679,C
2680,E
2682,B
2687,C
2690,C
2691,B
2696,B
2697,D
2698,C
2700,B
2701,B
2702,B
2703,C
2707,C
2711,B
2712,B
2714,B
2723,B
2725,B
2726,B
2732,B
2733,B
2736,B
2740,C
2742,B
2743,B
2752,C
2753,B
2776,B
2777,B
2778,B
2779,B
2780,B
2785,B
2787,B
2790,B
2791,B
2793,B
2806,B
2811,B
2812,D
2813,D
2814,C
2815,B
2816,B
2817,C
2818,B
2819,C
2823,B
2824,B
2825,B
2827,C
2829,C
2830,B
2831,B
2835,B
2838,B
2842,C
2843,B
2844,B
2849,B
2850,B
2851,C
2852,E
2853,E
2854,B
2856,E
2857,E
2858,E
2859,C
2860,B
2861,D
2864,B
2866,C
2867,D
2869,B
2870,E
2871,B
2873,B
2874,D
2875,C
2876,B
2877,C
2880,B
2881,B
2882,B
2883,C
2884,E
2885,E
2888,B
2889,B
2890,B
2891,B
2893,C
2895,B
2897,E
2898,C
2899,C
2901,B
2902,B
2903,B
2904,C
2905,C
2906,C
2907,B
2908,B
2909,C
2910,B
2912,D
2913,C
2915,C
2916,B
2917,B
2918,D
2919,B
2920,B
2921,B
2923,B
2924,B
2925,D
2926,B
2930,E
2934,C
2936,B
2937,B
2947,B
2953,B
2957,B
3006,B
3027,C
3029,B
3031,B
3038,B
3040,B
3041,C
3043,B
3046,B
3049,B
3050,B
3065,E
3071,B
3077,B
3079,C
3080,C
3081,C
3084,B
3090,B
3093,B
3095,B
3102,B
3107,C
3108,C
3109,C
3110,B
3111,C
3112,B
3113,B
3114,B
3116,B
3121,B
3123,C
3125,B
3128,B
3129,C
3131,B
3133,B
3134,B
3135,B
3138,B
3139,B
3141,B
3143,B
3144,B
3146,B
3150,B
3151,B
3152,B
3153,B
3154,B
3155,B
3156,B
3157,B
3160,C
3164,B
3166,B
3168,C
3170,B
3171,B
3173,B
3175,B
3178,B
3179,B
3180,B
3182,B
3186,C
3187,B
3198,B
3201,B
3206,C
3207,B
3209,B
3211,B
3215,B
3218,B
3223,B
3224,B
3225,B
3226,B
3227,B
3229,C
3230,B
3231,B
3238,C
3239,E
3240,B
3241,B
3242,C
3245,C
3246,B
3247,C
3248,B
3250,B
3251,C
3254,B
3256,B
3257,B
3258,C
3259,B
3262,B
3264,B
3265,B
3266,C
3268,B
3269,B
3270,B
3271,B
3273,B
3277,B
3279,B
3281,B
3283,B
3284,B
3286,B
3287,B
3288,B
3290,B
3291,B
3292,B
3297,B
3303,B
3306,B
3307,B
3311,D
3312,E
3313,B
3314,B
3315,B
3316,B
3317,B
3318,D
3319,D
3320,D
3322,C
3323,B
3325,B
3326,B
3327,B
3328,B
3329,B
3333,B
3340,C
3341,B
3342,B
3343,B
3344,B
3345,C
3346,B
3348,B
3357,C
3362,B
3367,B
3374,B
3379,B
3387,B
3392,B
3394,B
3404,B
3406,E
3407,B
3409,B
3410,B
3411,B
3412,B
3414,B
3415,B
3416,B
3421,B
3425,B
3436,B
3457,E
3458,B
3461,B
3466,C
3467,B
3470,B
3472,C
3473,C
3474,B
3475,B
3476,B
3484,E
3487,E
3488,C
3489,B
3492,B
3495,C
3496,D
3498,B
3500,E
3502,B
3503,D
3507,B
3510,E
3512,B
3519,B
3521,B
3522,E
3523,B
3525,B
3527,C
3528,B
3529,B
3531,B
3533,B
3540,B
3541,B
3543,B
3544,B
3546,E
3547,B
3553,B
3554,B
3558,B
3564,C
3566,B
3567,B
3568,C
3573,C
3574,B
3575,B
3579,B
3580,C
3581,C
3585,B
3592,B
3594,B
3595,B
3598,B
3602,B
3605,B
3607,B
3611,C
3612,B
3620,B
3622,B
3636,C
3638,B
3642,C
3645,B
3646,B
3649,B
3650,B
3651,B
3653,B
3654,C
3655,B
3656,B
3659,B
3661,E
3663,D
3666,B
3671,B
3673,B
3674,B
3681,B
3688,B
3690,B
3691,B
3692,C
3701,B
3702,B
3703,B
3705,B
3706,C
3708,B
3709,C
3711,B
3712,B
3713,B
3715,B
3716,B
3718,B
3719,B
3720,D
3721,B
3723,B
3728,B
3729,B
3731,B
3733,B
3735,B
3736,B
3740,B
3741,B
3743,C
3744,D
3745,D
3746,B
3749,B
3751,B
3752,B
3754,B
3756,B
3759,E
3760,B
3761,B
3763,C
3765,C
3766,B
3770,C
3773,B
3775,B
3778,C
3779,B
3781,B
3784,C
3785,C
3786,B
3790,C
3791,B
3792,C
3793,B
3795,B
3796,B
3797,C
3798,B
3804,B
3805,B
3809,C
3810,B
3812,B
3816,B
3817,B
3819,C
3820,B
3822,B
3824,C
3826,C
3831,B
3837,B
3839,B
3841,B
3842,D
3844,E
3845,D
3846,C
3857,B
3858,C
3859,B
3863,C
3864,B
3865,B
3866,B
3867,B
3868,C
3870,C
3877,C
3881,B
3882,C
3884,E
3885,C
3888,B
3919,B
3926,B
3927,E
3937,B
3940,B
3944,B
3946,B
3957,B
3963,B
3968,B
3970,B
3973,B
3975,B
3977,B
3979,B
3980,B
3984,B
3988,B
3990,B
3992,B
3993,C
3994,B
3995,E
3996,B
3997,D
3999,B
4000,E
4003,C
4004,D
4005,B
4009,C
4015,E
4022,C
4024,C
4026,C
4053,C
4058,D
4079,C
4084,C
4093,C
4100,C
4101,C
4109,D
4110,C
4113,C
4129,C
4137,C
4138,C
4155,C
4157,E
4167,E
4191,D
4227,C
4265,C
4267,C
4273,C
4284,D
4304,E
4389,C
4399,D
4410,E
4412,C
4424,D
4425,D
4429,C
4449,D
4460,C
4468,C
4472,C
4560,C
4568,D
4569,C
4581,C
4662,C
4664,C
4697,C
4699,D
4709,D
4710,C
4711,E
4717,D
4721,E
4726,C
4732,C
4736,D
4753,C
4756,C
4763,C
4764,C
4771,C
4779,D
4781,C
4790,C
4815,C
4817,C
4820,D
4851,C
4875,C
4878,E
4881,C
4891,D
4898,D
5004,C
5008,C
5026,C
5044,C
5071,D
5084,C
5087,C
5090,C
5103,E
5108,C
5116,E
5130,C
5132,C
5133,E
5153,C
5171,D
5178,E
5206,E
5208,D
5211,D
5215,C
5223,C
5247,D
5252,C
5263,E
5273,E
5276,C
5285,C
5287,C
5291,D
5295,E
5297,E
5299,C
5312,C
5315,E
5365,C
5400,E
5401,E
5404,E
5409,D
5425,D
5444,C
5452,E
5454,E
5473,C
5485,D
5489,D
5501,E
5517,C
5601,D
5619,C
5636,D
5645,C
5647,C
5652,C
5666,C
5691,C
5693,C
5695,C
5732,C
5747,C
5763,C
5766,D
5770,C
5775,D
5782,C
5793,C
5794,C
5795,C
5879,C
5885,D
5886,E
5893,E
5898,C
5929,C
5944,D
5945,D
5946,C
5952,E
5955,E
5961,C
5966,C
5967,C
5968,C
5971,C
5972,C
5977,C
6024,E
6044,D
6107,C
6109,C
6132,C
6148,C
6149,D
6157,C
6171,D
6176,D
6182,E
6202,C
6233,D
6236,C
6252,C
6254,C
6297,C
6314,C
6329,C
6395,C
6428,D
6433,C
6445,E
6454,E
6467,D
6469,C
6496,C
6497,E
6499,E
6500,D
6502,C
6517,C
6540,C
6563,C
6582,C
6590,C
6591,D
6592,C
6601,C
6605,E
6612,C
6620,C
6635,C
6658,C
6671,C
6693,D
6782,C
6786,D
6820,C
6872,D
6881,C
6918,C
6928,D
6929,C
6938,C
6989,E
6992,C
7014,C
7019,C
7032,C
7046,C
7049,D
7056,C
7072,C
7074,C
7079,C
7082,C
7083,C
7088,C
7090,C
7109,C
7113,C
7145,C
7184,C
7187,C
7192,C
7215,C
7220,E
7271,C
7279,C
7313,C
7314,D
7324,D
7336,C
7342,E
7347,C
7357,D
7364,C
7365,C
7376,D
7379,D
7388,C
7397,C
7519,E
7521,C
7542,C
7548,C
7552,E
7557,D
7563,E
7573,D
7576,E
7577,C
7579,C
7586,C
7587,C
7595,C
7599,E
7609,E
7610,E
7612,C
7619,D
7620,C
7621,C
7622,E
7624,D
7625,C
7626,E
7627,E
7631,C
7632,C
7633,C
7634,D
7645,C
7647,D
7664,E
7676,D
7711,D
7714,C
7730,D
7735,C
7757,E
7761,E
7801,C
7804,C
7808,C
7820,C
7826,C
7833,D
7846,C
7857,D
7859,D
7865,E
7866,C
7880,C
7885,E
7886,E
7890,C
7893,E
7896,D
7906,C
7911,E
7912,D
7913,C
7915,D
7917,E
7918,E
7919,C
7920,C
7924,E
7925,D
7934,D
7935,D
7937,C
7939,C
7940,E
7942,C
7946,D
7947,C
7951,C
7954,E
7957,E
7958,E
7959,E
7961,D
7966,E
7985,D
7991,C
7995,C
7997,C
8000,E
8006,E
8020,E
8021,E
8027,E
8029,E
8035,E
8040,C
8041,E
8042,C
8043,E
8052,C
8055,E
8059,E
8063,C
8065,E
8066,E
8068,C
8069,E
8070,C
8074,E
8077,C
8078,E
8083,E
8085,D
8086,E
8092,D
8093,E
8095,C
8100,E
8108,E
8109,C
8111,E
8114,E
8116,C
8120,C
8121,D
8122,C
8131,E
8132,E
8136,C
8137,D
8147,E
8164,C
8166,E
8167,C
8179,D
8187,D
8188,C
8190,E
8191,C
8192,E
8193,C
8194,D
8197,E
8200,E
8203,D
8208,D
8209,D
8210,C
8214,D
8217,C
8219,E
8220,C
8228,C
8242,E
8246,D
8253,D
8254,C
8259,C
8275,D
8361,C
8365,E
8366,C
8368,D
8387,C
8441,C
8456,D
8464,D
8549,C
8555,C
8558,C
8578,C
8647,C
8664,C
8692,C
8695,C
8705,C
8721,C
8740,C
8811,C
8819,C
8896,D
8898,D
8904,C
8913,C
8926,C
8931,C
8942,C
8946,C
8947,C
8954,C
9000,C
9001,C
9004,D
9016,C
9036,C
9053,C
9055,C
9062,C
9201,C
9218,C
9229,C
9233,C
9237,C
9278,C
9282,C
9286,E
9287,D
9299,C
9306,C
9337,C
9341,C
9351,C
9372,C
9377,C
9405,C
9445,C
9474,C
9593,D
9607,C
9623,C
9624,C
9627,E
9635,E
9639,E
9652,C
9665,C
9671,C
9675,C
9680,E
9685,C
9686,C
9689,C
9708,C
9712,C
9717,C
9719,C
9729,C
9770,C
9772,C
9775,C
9786,C
9794,E
9816,C
9849,C
9910,C
9952,C
9956,C
9980,D
10021,C
10026,C
10033,C
10048,C
10055,D
10056,C
10064,C
10074,E
10088,C
10161,C
10176,C
10222,C
10225,C
10229,C
10240,C
10290,C
10340,D
10355,E
10367,C
10385,C
10442,C
10462,C
10473,D
10492,C
10502,C
10525,C
10558,E
10560,C
10562,C
10582,D
10631,C
10634,D
10639,D
10684,C
10777,D
10788,C
10791,C
10793,C
10813,C
10815,D
10818,E
10825,D
10834,C
10857,C
10863,C
10873,D
10880,C
10902,C
10913,C
10953,E
10955,D
10958,C
10963,C
10971,D
10991,C
11000,E
11005,D
11029,C
11032,C
11052,C
11056,E
11068,C
11071,C
11077,E
11083,D
11084,D
11085,D
11086,C
11088,C
11094,C
11097,D
11108,C
11112,E
11170,C
11181,D
11182,C
11187,D
11189,C
11284,C
11294,C
11302,C
11505,C
11611,C
11620,C
11645,C
11649,C
11650,C
11652,C
11653,C
11660,C
11687,C
11695,C
11730,C
11752,C
11754,C
11755,C
11764,C
11769,C
11774,C
11797,D
11804,C
11822,C
11833,C
11836,E
11837,C
11844,E
11853,E
11854,C
11860,E
11861,E
11869,C
12070,E
12098,C
12116,D
12117,D
12120,E
12124,E
12125,D
12129,C
12212,C
12214,E
12217,C
12218,E
12219,C
12221,E
12238,C
12336,E
12338,C
12341,D
12342,E
12354,C
12355,E
12360,E
12364,D
12370,D
12387,C
12393,E
12410,C
12412,E
12413,E
12414,D
12415,C
12421,E
12422,E
12428,C
12431,E
12438,E
12439,E
12445,E
12446,E
12448,E
12449,E
12450,E
12451,D
12452,C
12465,C
12467,C
12468,C
12470,E
12492,C
12507,C
12517,C
12527,C
12542,C
12553,D
12569,C
12570,C
12575,E
12592,C
12608,C
12619,E
12621,E
12638,C
12646,C
12727,C
12737,E
12738,E
12753,D
12754,C
12758,D
12759,D
12767,E
12824,D
12877,E
12881,C
13014,C
13046,C
13093,C
13142,C
13152,C
13237,C
13267,D
13301,D
13355,C
13380,E
13383,E
13389,C
13396,C
13397,D
13408,D
13412,C
13414,E
13422,E
13425,C
13426,C
13428,E
13432,C
13448,D
13449,E
13461,D
13462,C
13467,E
13470,D
13471,E
13472,C
13474,E
13477,C
13479,D
13492,E
13499,E
13503,E
13504,E
13505,C
13506,E
13507,D
13509,C
13516,C
13521,C
13531,D
13532,E
13533,D
13536,E
13540,C
13544,E
13550,C
13551,D
13555,C
13556,E
13559,E
13560,E
13564,C
13566,D
13568,E
13582,C
13584,C
13613,C
13623,C
13633,C
13663,C
13665,C
13698,E
13701,C
13733,C
13748,E
13755,E
13756,E
13759,E
13761,C
13763,D
13767,C
13772,C
13773,E
13776,E
13784,C
13785,D
13923,C
13980,C
13985,C
13986,E
14035,C
14121,C
14189,E
14198,C
14212,C
14214,C
14219,C
14226,C
14229,C
14235,C
14309,D
14349,D
14352,C
14354,C
14358,C
14372,C
14382,C
14408,C
14423,C
14424,C
14427,C
14428,C
14440,C
14461,D
14468,C
14469,C
14475,C
14488,D
14504,C
14506,C
14517,D
14529,C
14530,C
14537,C
14540,C
14545,C
14548,C
14557,C
14591,C
14595,C
14636,C
14652,C
14658,C
14678,C
14696,C
14713,C
14714,C
14719,D
14735,C
14742,C
14743,C
14760,C
14774,E
14784,C
14794,C
14795,C
14801,C
14802,C
14817,C
14825,C
14830,D
14878,C
14904,C
14923,C
14956,D
14957,C
14959,C
14960,C
14976,C
14983,C
14989,C
14993,E
14994,C
14995,C
14996,D
14997,D
15001,C
15002,C
15003,C
15011,C
15019,E
15021,D
15022,D
15034,D
15052,C
15053,E
15054,D
15059,C
15069,C
15093,D
15099,C
15100,D
15106,C
15114,C
15116,C
15126,C
15135,C
15149,C
15153,C
15171,C
15210,C
15218,C
15236,C
15264,C
15265,C
15292,C
15329,C
15353,D
15361,C
15391,E
15405,C
15409,C
15410,C
15411,C
15422,C
15425,D
15455,C
15460,E
15461,D
15462,E
15463,E
15464,E
15492,C
15496,C
15497,C
15517,C
15518,C
15522,C
15523,C
15527,C
15562,C
15566,E
15567,E
15571,C
15572,C
15573,C
15577,C
15578,E
15579,C
15580,E
15605,E
15606,C
15619,C
15624,C
15634,C
15645,E
15648,E
15658,C
15660,C
15661,C
15696,C
15702,C
15759,C
15760,C
15766,C
15768,C
15836,D
15841,C
15842,C
15849,D
15853,D
15856,C
15864,C
15878,C
15891,C
15893,C
15897,C
15911,C
16199,D
16213,C
16232,C
16234,C
16269,D
16283,C
16294,C
16307,D
16321,C
16325,C
16351,D
16371,C
16373,C
16374,C
16380,C
16382,C
16387,C
16394,D
16399,E
16401,C
16440,D
16450,C
16486,C
16489,D
16505,C
16509,D
16511,C
16590,C
16591,C
16697,C
16698,C
16704,C
16710,C
16714,C
16719,C
16729,C
16735,C
16795,C
16803,C
16811,E
16834,C
16862,E
16869,C
16894,E
16897,C
16909,C
16921,E
16931,C
16935,C
16943,C
16944,E
16946,C
16948,C
16959,C
16962,E
16972,D
16973,E
16979,C
16980,E
16981,E
16984,C
16985,C
16993,C
16997,C
17008,D
17009,D
17011,E
17020,D
17023,D
17031,E
17032,C
17041,C
17045,E
17050,C
17062,D
17064,C
17065,C
17066,C
17070,D
17074,C
17078,D
17079,E
17080,C
17086,C
17088,C
17113,C
17116,D
17117,E
17120,C
17128,C
17140,C
17149,C
17183,C
17191,C
17203,C
17215,D
17259,C
17260,C
17320,D
17349,C
17415,C
17430,C
17478,C
17491,C
17563,C
17580,C
17626,C
17629,E
17723,C
17825,C
17831,E
17834,C
17858,C
17868,D
17884,C
17937,C
17948,C
17980,C
17982,C
17986,C
17989,C
17992,C
17995,C
18008,C
18030,C
18038,C
18046,C
18079,C
18096,D
18099,C
18107,C
18160,C
18177,E
18179,C
18186,C
18193,D
18195,C
18200,C
18205,C
18226,C
18230,D
18231,C
18237,C
18411,C
18426,C
18435,C
18437,C
18484,C
18527,C
18529,C
18531,C
18536,C
18542,C
18560,C
18566,D
18569,E
18573,C
18588,C
18601,C
18639,D
18644,C
18648,E
18653,C
18678,C
18680,E
18708,C
18709,C
18725,C
18731,C
18737,C
18746,C
18756,C
18766,C
18767,E
18814,C
18815,C
18821,E
18822,D
18833,C
18850,C
18905,C
18907,D
18915,C
18957,E
18963,D
19058,C
19063,C
19105,D
19146,C
19147,C
19148,C
19168,C
19196,C
19199,E
19229,E
19261,C
19267,C
19289,D
19290,D
19296,C
19309,C
19363,C
19444,D
19466,D
19472,C
19481,C
19498,C
19511,C
19518,C
19528,D
19535,C
19570,C
19595,C
19598,C
19599,C
19645,C
19648,C
19651,C
19656,C
19662,C
19670,C
19672,C
19691,E
19717,C
19761,C
19764,D
19766,C
19782,C
19799,C
19802,C
19804,D
19827,C
19832,C
19862,C
19939,C
19953,C
19959,D
19960,D
19964,E
19985,C
19987,E
20041,C
20103,C
20106,C
20107,D
20108,D
20110,C
20111,D
20116,E
20119,E
20120,C
20121,C
20122,E
20123,E
20137,C
20139,D
20140,C
20143,D
20146,D
20155,C
20159,E
20187,E
20190,C
20213,C
20290,C
20315,C
20324,C
20325,E
20338,C
20364,C
20365,C
20378,C
20381,C
20382,D
20394,C
20434,D
20443,C
20454,C
20464,C
20484,D
20490,D
20502,D
20506,C
20508,E
20511,C
20518,E
20536,C
20573,C
20918,C
20937,C
20950,C
20953,C
20963,C
20964,C
21006,E
21032,E
21052,C
21074,C
21085,C
21093,C
21114,C
21125,D
21126,C
21143,E
21144,C
21145,D
21147,C
21152,D
21166,C
21171,D
21175,C
21185,C
21205,D
21231,C
21233,D
21244,E
21247,D
21249,C
21250,C
21251,C
21255,C
21278,C
21288,D
21290,E
21302,C
21306,C
21307,C
21325,C
21374,C
21406,D
21415,C
21433,E
21465,C
21468,D
21476,C
21554,D
21692,C
21703,D
21713,D
21714,C
21762,C
21771,C
21777,C
21781,D
21782,C
21784,E
21786,C
21787,D
21788,C
21791,D
21806,D
21807,E
21810,E
21814,E
21815,E
21816,C
21856,C
21857,C
21880,E
21885,E
21887,E
21888,E
21889,E
21891,E
21903,E
21908,C
21909,C
21911,C
21914,E
21937,E
21957,C
21967,D
21975,C
21978,C
21980,E
21982,E
21984,E
21988,C
21989,E
21994,C
21997,C
22002,E
22006,E
22008,C
22013,E
22014,E
22018,C
22088,D
22110,E
22122,D
22137,E
22142,C
22146,C
22155,C
22158,E
22160,D
22185,D
22204,D
22208,C
22219,C
22225,C
22226,E
22227,E
22229,D
22230,E
22234,D
22240,C
22257,C
22263,C
22268,C
22278,C
22280,C
22290,E
22299,C
22315,D
22316,D
22326,C
22328,D
22331,C
22349,C
22350,C
22364,D
22464,C
22620,C
22624,D
22630,E
22643,D
22714,C
22767,D
22860,D
22871,C
22876,D
